"";"Bathycoccaceae";"Ustilaginomycetes";"Dino-Group-I-Clade-1";"Maxillopoda";"Unassigned";"Rhizosoleniaceae";"Mamiellaceae";"Exobasidiomycetes";"Chlorellales_X";"Cryptomonadales_X";"Chlorodendraceae";"Strombidiidae";"Annelida_XX";"Chloropicaceae";"Phaeocystaceae";"Pelagomonadaceae";"Gymnodiniaceae";"Strobilidiidae";"Phaeophyceae_XX";"Oligotrichida_X";"Thalassiosiraceae";"Picozoa_XXXX";"Dino-Group-III_X";"Pycnococcaceae";"Chaetocerotaceae";"Cymatosiraceae";"Pelagomonadales_clade_B";"MAST-7";"Dino-Group-II-Clade-10-and-11";"Hydrozoa";"Heterocapsaceae";"unclassified_Dino-Group-II";"Tontoniidae";"CONThreeP_XX";"unclassified_Oligotrichida";"unclassified_Gymnodiniales";"Dino-Group-II-Clade-6";"Dino-Group-II-Clade-29";"MAST-4";"Cryptomonadales_X:nucl";"Kathablepharidida_X";"Dino-Group-II-Clade-23";"unclassified_Pucciniomycotina";"Dino-Group-II-Clade-7";"Dino-Group-II-Clade-44";"Ephelotidae";"MAST-12";"Thraustochytriaceae";"unclassified_Peridiniales";"MAST-3";"Crustomastigaceae";"Labyrinthulaceae";"Prasinodermaceae";"Prorocentraceae";"Dino-Group-II-Clade-13";"Ctenophora_XX";"Dino-Group-II-Clade-22";"Choreotrichida_X";"Pyrenomonadaceae:nucl";"MAST-2";"Bacillariaceae";"Demospongiae";"Thoracosphaeraceae";"Chrysophyceae_Clade-EC2H_X";"Paraphysomonadaceae";"Chrysochromulinaceae";"Telonemia-Group-1";"Dino-Group-II_X";"Pyramimonadaceae";"Pedinellales";"Parmales_env_3";"Prymnesiaceae";"Telonemia_XXXX";"Dino-Group-II-Clade-16";"MAST-1";"Suessiaceae";"Dictyochales";"Dino-Group-II-Clade-17";"Caecitellaceae";"Dinophyceae_XX";"Florenciellales";"Appendicularia";"Dino-Group-II-Clade-1";"Cryothecomonas-lineage";"Dino-Group-II-Clade-3";"Tintinnidae";"Triparmaceae";"MAST-8";"Dino-Group-II-Clade-32";"Echinodermata_XX";"MAST-11";"TIN_11";"unclassified_Telonemia_XXX";"Minorisa-lineage";"Stephanoecidae_Group_H";"Dino-Group-II-Clade-12";"Protoperidiniaceae";"unclassified_Acanthoecida";"Haptophyta_Clade_HAP3_XX";"MAST-10";"Dino-Group-II-Clade-39";"Bicoecaceae";"Urotrichidae";"Dino-Group-IV-Syndinium-Group";"Pleurostomatida";"MAST-9";"Kareniaceae"
"S01_C1A17";0;17517;2075;12;43;261;933;3559;24;0;0;0;0;0;7360;0;11;4;0;0;2452;5;0;24;386;6;0;0;247;0;0;0;0;0;0;0;0;0;0;0;0;8;161;0;0;0;0;126;0;0;0;46;0;0;0;0;0;0;0;668;0;0;0;15;0;154;123;0;0;92;0;44;0;0;0;34;0;0;0;0;42;0;0;0;0;0;0;10;0;0;0;0;0;0;0;0;0;0;0;0;0;0;0;0;0;0;0
"S02_C1F18";10468;5240;10894;445;2806;1381;1547;56;9;638;72;1002;0;1151;392;252;867;215;0;0;222;155;298;2634;256;246;23;727;662;0;0;1112;4;52;0;26;29;1180;392;62;630;114;0;166;169;0;0;675;185;77;35;244;111;73;161;76;129;9;61;27;61;6;0;168;80;187;13;596;0;47;133;20;37;0;72;0;0;0;42;18;16;11;20;0;0;10;0;29;23;0;14;0;21;0;65;27;0;15;0;0;22;0;0;13;10;0;4
"S03_C1A18";12831;3090;5766;634;965;0;436;0;91;1376;0;1602;0;2644;212;2641;324;153;0;178;37;111;336;34;14;0;1063;40;2231;0;56;134;97;14;94;149;210;141;266;90;32;33;0;8;17;0;198;29;153;0;26;7;105;33;54;0;0;25;0;21;0;0;139;51;0;124;437;31;7;26;41;62;243;31;0;0;34;0;0;0;69;11;0;13;0;0;11;0;0;0;0;0;15;0;0;0;0;10;24;0;0;0;8;5;7;6;8
"S04_C2A17";0;44296;1563;9;6;27;25;264;33;0;0;0;9;23;90;0;16;0;0;0;231;0;0;27;60;0;0;0;11;0;0;0;0;0;0;0;0;0;0;0;0;17;92;0;0;0;0;13;0;0;0;28;0;0;0;0;0;0;0;34;0;0;0;0;0;0;34;0;0;8;0;0;3;0;0;0;0;0;0;0;0;0;0;0;0;0;0;0;0;0;0;0;0;0;0;0;0;0;0;0;0;0;0;0;0;0;0
"S05_C2F18";1683;1233;6818;764;14028;4982;239;0;0;636;123;1384;0;305;304;304;1056;366;22;0;1005;73;193;1005;613;70;0;343;544;19;47;551;8;27;25;56;0;644;295;84;144;90;0;69;52;0;4;593;142;0;12;374;50;43;49;41;170;0;126;5;91;0;29;95;50;118;9;406;0;31;35;12;0;0;23;18;6;0;44;11;0;0;0;0;25;32;0;0;0;0;0;15;9;0;41;24;78;0;0;0;18;6;0;13;0;0;19
"S06_C2A18";8723;6268;12799;946;2211;16;324;1156;134;946;62;1496;0;6053;89;1573;205;163;0;216;187;78;266;87;27;0;666;33;1100;0;0;162;29;19;132;116;112;128;174;40;22;136;0;0;11;0;112;40;192;21;18;0;380;53;44;31;0;19;0;11;0;0;59;24;0;29;145;19;0;14;10;33;37;0;0;0;56;0;0;19;19;3;0;0;0;9;7;0;0;0;0;0;0;0;0;0;0;0;16;0;0;0;0;0;0;9;0
"S07_C3A17";0;45630;4000;32;1050;5219;41;1146;122;0;30;11;0;84;46;0;41;47;0;0;745;0;0;292;147;9;0;0;101;0;0;0;0;0;0;0;0;0;0;0;0;22;372;0;0;0;3;122;0;0;0;135;0;0;0;0;0;0;0;40;0;0;49;0;0;19;16;0;0;0;0;0;0;0;0;33;0;0;0;0;0;0;0;0;0;0;0;7;0;0;0;0;0;3;0;0;0;0;0;0;0;0;0;0;0;0;0
"S08_C3F18";110;4845;2791;1603;1459;17074;379;0;0;178;0;2816;8;97;798;26;336;1071;0;0;6140;5;4;613;5839;91;13;9;1400;61;0;31;0;0;0;0;0;89;0;24;13;105;25;0;0;0;85;491;0;0;0;522;19;0;0;0;0;0;111;390;105;0;243;26;53;129;105;17;0;80;13;65;13;0;0;125;0;0;0;0;36;32;0;19;0;0;0;0;0;2;0;0;0;0;0;0;28;0;0;0;0;0;0;0;0;16;0
"S09_C3A18";3667;383;3157;5262;3232;81;715;0;50;1251;29;1165;0;1208;432;2381;1242;813;4;173;1793;54;116;34;617;77;1512;47;1338;27;0;72;208;15;128;92;66;149;123;69;83;13;0;5;0;18;888;23;242;0;77;39;315;18;0;23;0;23;0;47;0;0;153;70;30;157;371;19;0;30;70;101;128;0;0;320;276;4;0;14;75;0;0;37;0;35;13;0;0;0;0;25;0;0;0;0;0;12;0;15;0;0;23;0;0;0;11
"S10_C4A17";26;34254;1948;38;56;147;0;2695;42;0;12;13;3;19;58;0;32;8;0;0;437;0;5;88;48;0;0;0;33;0;0;0;0;0;0;0;0;0;0;0;0;3;887;0;0;0;0;41;0;0;0;45;0;0;0;0;0;0;0;38;0;0;42;0;0;0;10;0;0;0;0;0;0;0;0;10;0;0;0;0;0;0;0;0;0;0;0;0;0;0;0;0;0;0;0;0;0;0;0;0;0;0;0;0;0;0;0
"S11_C4F18";173;3191;3247;1158;1174;9750;771;0;0;191;274;1620;10;215;699;44;218;1120;14;0;4367;18;5;589;3814;35;0;10;1691;33;0;71;0;41;0;0;0;187;0;58;0;13;46;0;0;0;51;583;0;0;0;283;0;0;0;0;0;0;155;274;169;0;196;102;85;188;37;0;0;52;0;64;5;0;0;72;7;0;0;0;26;0;0;13;0;4;0;0;0;0;0;32;0;0;7;5;77;0;0;0;0;0;0;0;0;0;0
"S12_C4A18";5147;3092;5443;3068;1345;31;1249;150;71;1448;16;1246;0;1282;420;3745;527;763;0;165;670;95;107;42;306;28;2771;125;2482;75;0;82;187;22;111;67;57;201;302;68;47;56;0;0;0;11;897;42;225;0;110;46;130;0;25;0;0;18;0;49;0;0;183;129;40;159;289;22;0;48;240;103;115;0;0;135;105;7;0;16;102;0;0;73;22;12;20;38;0;0;0;49;0;0;0;0;0;0;11;17;0;0;26;0;7;11;0
"S13_F1A17";2268;6673;3420;906;2889;0;1635;154;5;3764;19;5035;122;0;821;77;1711;1929;23;141;314;2102;180;56;289;22;12;781;78;0;96;6;672;39;993;151;4;162;188;301;0;0;143;0;3;0;95;10;116;157;0;0;0;0;0;135;20;25;0;31;0;0;140;10;39;169;0;67;20;113;58;23;107;0;46;44;27;0;0;11;39;0;0;13;0;0;27;25;0;0;0;0;0;18;0;0;0;49;2;14;0;0;0;0;44;0;0
"S14_F1F18";766;5940;2526;954;2082;20733;86;0;9;211;0;194;72;273;72;63;404;23;225;0;323;17;178;351;171;15;0;531;139;0;0;641;0;15;0;0;0;238;327;33;186;53;0;23;130;0;0;290;147;74;0;120;42;0;0;0;160;0;41;0;23;25;0;63;0;62;0;0;0;22;0;0;0;13;18;44;0;0;68;3;0;42;0;9;24;10;11;13;24;4;0;0;0;0;13;12;20;0;0;5;0;6;0;0;4;0;0
"S15_F1A18";9169;2234;21269;431;719;8;538;1458;2705;1745;15;252;19;5695;42;288;234;13;13;65;102;100;276;575;0;124;150;93;2049;42;129;203;27;15;16;144;38;83;371;58;0;338;121;12;15;0;45;102;35;55;29;0;400;0;12;0;0;0;0;15;0;0;86;67;131;91;29;7;19;41;48;0;13;38;24;0;33;14;0;9;0;0;0;0;0;6;5;0;0;0;11;38;0;0;0;0;0;17;8;6;0;0;0;0;0;10;0
"S16_F2A17";2726;16807;8952;225;255;0;2192;311;229;1450;0;137;613;105;769;307;294;24;62;0;30;2511;105;888;40;46;35;755;68;38;0;0;0;14;35;22;11;248;276;66;0;27;119;0;0;0;267;55;57;180;0;51;0;0;0;60;34;0;0;20;0;0;21;0;24;139;0;41;0;79;183;12;75;0;81;0;0;0;0;0;72;0;0;0;0;0;16;47;0;0;0;0;0;18;0;0;0;102;12;26;0;0;17;0;26;0;0
"S17_F2F18";2316;10386;4558;3861;2097;11683;191;0;7;321;0;217;123;617;93;138;584;0;196;0;199;104;111;501;0;46;0;1009;295;30;0;1355;6;0;0;11;84;116;558;47;222;50;0;45;410;0;25;282;100;104;0;133;39;0;141;0;169;0;48;9;35;85;0;299;17;67;0;0;0;25;76;8;4;36;18;110;0;6;156;3;4;56;48;0;0;10;18;0;132;0;23;39;23;0;16;37;62;0;0;12;0;116;0;6;0;0;0
"S18_F2A18";21643;1053;13190;449;1255;0;1080;0;773;1472;0;942;0;1822;48;856;352;69;5;245;90;171;305;152;21;57;385;446;1192;0;114;251;2389;22;181;234;157;148;1388;80;0;85;4;25;67;3;77;42;76;84;23;13;92;44;65;4;0;17;0;26;0;0;77;226;51;36;37;33;0;43;151;11;12;62;15;0;20;28;0;0;27;0;0;0;25;19;23;16;0;0;42;20;0;0;7;15;0;16;25;15;6;0;0;0;7;6;0
"S19_F3A17";1224;24213;9272;109;51;0;945;3993;322;449;6;173;0;73;244;74;29;141;4;9;0;623;18;496;0;9;28;273;0;0;0;0;0;0;59;0;0;66;82;18;0;17;985;0;0;0;44;41;0;34;0;0;0;0;0;1755;0;0;0;19;0;0;0;0;0;40;0;16;0;37;39;7;14;0;39;0;0;0;0;0;14;0;0;0;0;0;0;26;0;6;0;0;0;31;0;0;0;19;4;0;0;0;4;0;0;0;0
"S20_F3F18";3995;2325;5775;2323;3591;2427;418;121;16;1707;22;582;2411;360;190;320;699;0;698;0;27;413;1311;462;18;56;48;1987;275;25;114;3285;0;23;0;114;59;882;1471;106;624;61;0;125;638;0;59;304;478;226;0;153;14;167;255;0;844;13;23;21;30;162;0;408;15;147;12;57;8;96;236;39;0;117;54;45;0;0;284;12;8;38;85;0;81;0;28;38;62;0;64;19;12;0;56;80;12;7;0;16;15;76;10;16;6;0;3
"S21_F3A18";4280;8315;24291;151;740;0;367;810;4626;761;16;231;35;7487;20;112;230;12;16;41;59;80;137;891;0;89;53;44;3005;7;70;386;148;0;33;64;21;32;179;52;0;454;70;8;15;0;10;156;13;22;11;0;679;0;16;0;0;4;0;8;0;0;32;43;71;28;9;0;11;26;18;0;0;39;0;0;8;7;0;0;19;0;0;0;0;0;7;0;0;2;4;14;0;0;0;0;0;0;8;0;0;0;3;0;0;15;0
"S22_F4A17";323;24916;4540;85;58;0;322;7170;355;414;0;21;15;114;112;34;32;21;22;28;7;392;30;532;9;13;0;136;19;0;0;4;10;0;21;0;0;48;41;0;0;22;1428;0;0;0;19;56;29;53;0;14;0;0;0;24;0;0;0;4;0;15;0;0;0;45;0;18;0;0;17;0;26;0;0;0;0;0;0;0;0;0;0;0;0;0;0;0;0;0;0;0;0;0;0;0;0;11;0;0;0;0;0;0;3;0;0
"S23_F4F18";4513;4346;5381;1495;3166;2437;405;42;9;1698;0;329;2192;257;167;424;703;4;398;0;0;591;1116;320;8;23;30;2127;719;20;54;3898;0;18;0;29;209;984;1477;119;581;64;0;392;661;7;46;299;446;196;0;158;0;214;280;0;664;19;43;45;34;220;39;393;31;144;7;44;0;132;245;16;0;126;87;42;6;21;233;18;22;112;223;0;75;11;32;38;102;0;75;18;0;0;81;122;18;0;9;0;40;64;0;21;0;0;2
"S24_F4A18";11801;4568;16949;725;1199;6;1161;127;1081;2818;6;1043;8;1853;83;563;597;53;0;487;88;136;403;254;8;110;235;205;1595;2;155;256;139;23;124;376;96;171;719;144;0;132;8;27;34;0;72;49;149;109;42;7;191;69;33;0;0;27;0;23;0;0;78;92;554;48;26;10;25;75;79;0;14;102;14;0;42;20;0;3;76;0;0;0;21;16;18;11;0;0;21;50;28;0;0;0;0;12;45;13;0;0;0;0;5;0;10
"S25_H1A17";23125;5170;2694;146;1315;8;1317;222;342;615;1295;129;115;134;2447;243;448;28;9;21;103;835;408;206;10;9;25;727;290;17;91;26;6;143;138;156;6;47;395;29;0;31;65;0;26;24;822;28;84;54;0;13;83;0;0;0;202;12;0;107;0;15;34;0;26;160;0;0;718;0;112;188;70;19;35;0;29;6;0;3;25;0;0;79;0;64;11;31;0;89;0;0;0;14;0;0;0;0;0;0;0;0;0;0;0;0;0
"S26_H1F18";37699;3052;1337;47;1950;50;4539;0;102;898;0;103;1369;154;44;214;867;7;107;12;82;243;409;163;27;81;42;1081;419;0;87;784;0;63;0;61;224;236;231;86;356;28;4;554;143;7;167;14;61;19;265;31;0;47;209;0;9;23;46;32;62;250;47;10;0;218;7;38;7;132;49;71;6;33;22;119;16;99;6;22;57;0;68;23;0;12;20;32;73;0;34;17;43;69;0;0;11;6;0;24;51;0;0;0;0;0;1
"S27_H1A18";29953;399;3096;3670;1576;0;1588;48;103;1266;0;849;634;597;159;1109;903;611;240;131;155;360;521;44;0;0;633;534;1071;84;126;113;124;21;324;145;142;838;1016;178;22;26;0;3;41;22;197;60;556;0;154;10;49;142;0;63;58;60;0;36;0;0;24;0;20;78;0;0;11;24;124;0;11;100;40;0;23;0;0;0;89;104;50;11;127;0;12;0;0;4;6;0;0;9;10;23;11;11;27;28;13;0;0;13;9;0;3
"S28_H2A17";23706;3451;1253;56;746;0;1513;846;91;505;0;229;33;37;1628;182;164;18;0;28;64;819;324;40;0;0;24;734;159;0;171;12;0;20;164;94;12;30;334;32;7;8;7;0;18;13;477;40;62;49;0;9;12;0;22;0;259;23;0;61;0;0;0;0;53;148;0;0;116;0;184;59;61;7;49;0;30;0;0;0;29;0;0;50;14;19;21;15;0;17;0;0;0;14;0;0;0;0;4;7;0;0;0;0;0;0;0
"S29_H2F18";30842;1244;1303;34;3684;16;3889;0;162;1422;353;1131;122;323;55;175;2747;627;27;52;0;225;794;199;11;122;17;1482;342;9;107;773;28;206;19;316;211;281;302;142;228;31;3;781;114;0;99;18;208;12;266;11;0;125;166;0;0;66;106;35;104;69;35;0;0;193;19;70;17;160;33;83;21;38;22;139;11;77;12;96;110;0;88;14;0;11;46;59;55;0;55;51;52;85;8;0;18;0;0;21;75;0;16;0;0;0;1
"S30_H2A18";27494;201;2582;2157;2033;0;1491;0;93;1442;0;448;613;555;160;1292;1132;193;213;34;142;282;608;35;0;0;689;457;1111;18;191;82;121;22;187;233;166;1111;795;218;28;22;0;9;39;27;158;8;787;20;173;15;64;148;0;0;84;34;0;44;0;0;30;0;29;61;10;0;0;43;104;0;17;83;49;0;15;0;0;0;82;87;60;27;140;7;0;25;0;16;8;0;0;13;12;25;17;34;11;27;0;0;8;20;0;2;1
"S31_H3A17";22605;14014;1685;9;632;0;1635;1905;129;1530;28;188;1174;76;502;412;255;0;6;33;33;722;355;126;0;25;45;756;271;5;262;30;0;0;27;0;15;364;487;77;0;22;41;0;23;0;165;44;109;218;0;0;25;43;0;0;432;0;0;28;0;0;0;0;68;189;10;0;17;0;55;37;64;54;206;0;12;0;0;0;63;17;0;0;20;0;0;22;0;161;0;0;0;22;0;0;0;6;0;9;0;0;0;0;0;0;0
"S32_H3F18";43585;2418;1354;91;3158;26;7082;0;241;1463;0;927;24;343;39;196;2657;145;0;0;0;237;441;305;13;735;26;1647;303;0;0;594;10;152;0;220;142;115;377;140;203;24;6;311;64;0;45;9;99;16;253;0;0;0;68;0;5;0;73;24;48;0;33;9;0;300;12;39;27;128;23;131;0;18;25;42;8;58;54;118;101;0;33;20;0;0;152;28;47;0;58;53;102;76;5;0;33;0;0;20;16;8;0;0;0;0;18
"S33_H3A18";25642;986;4234;5308;1077;18;1255;135;108;1545;0;838;129;799;123;871;825;661;128;84;102;242;459;59;0;0;397;299;751;80;189;45;63;8;367;150;111;730;725;132;45;35;0;3;32;30;121;0;413;21;140;20;81;79;0;119;52;27;0;26;0;0;0;0;25;57;0;0;0;26;35;0;10;63;42;13;14;0;0;0;56;54;27;0;64;9;7;29;0;0;0;0;0;5;0;19;11;25;10;18;12;0;0;31;0;0;0
"S34_H4A17";19898;5773;1421;28;582;0;1957;140;124;1624;0;156;162;97;574;755;236;0;30;0;18;749;401;177;0;0;94;580;235;0;430;36;0;0;63;24;11;229;289;49;8;6;22;0;8;0;63;25;50;108;24;0;33;0;16;0;184;0;0;18;0;0;0;5;23;172;0;0;13;0;71;30;76;44;125;0;11;0;0;0;79;0;15;0;0;0;0;25;0;58;0;0;0;15;11;0;0;0;6;0;12;0;0;0;0;0;11
"S35_H4F18";37813;1864;1191;47;2986;11;6128;0;212;981;17;663;38;318;41;202;2484;330;12;106;25;190;330;261;33;564;35;1956;278;0;0;543;28;74;7;208;185;88;311;95;88;58;7;559;68;0;36;9;147;10;277;0;0;76;114;0;8;0;62;24;67;26;27;5;0;225;16;18;10;164;32;56;10;0;0;39;8;95;24;132;70;0;27;0;0;0;99;35;82;0;31;11;91;30;0;0;12;5;0;20;25;0;0;0;0;5;25
"S36_H4A18";27547;269;3512;484;1514;0;2121;0;425;2180;0;920;30;4017;437;2558;236;108;36;1401;27;186;816;59;0;51;1371;455;1430;0;81;245;258;39;212;191;163;348;1046;178;14;42;0;0;127;53;178;35;117;23;291;6;121;0;0;0;10;37;0;27;0;0;50;14;29;155;31;14;13;71;109;0;25;142;46;0;44;0;5;7;68;17;11;21;55;8;17;51;0;0;8;0;0;12;30;14;0;35;22;18;0;0;0;0;0;7;12
"S39_P1F18";18976;6630;2527;14;3197;28;3427;0;2330;1125;0;3429;156;2190;71;1226;290;505;238;159;13;69;741;107;30;1878;162;45;137;0;43;575;0;1506;30;51;344;275;225;62;199;223;26;81;352;0;12;32;29;0;123;0;0;0;91;0;0;744;40;15;48;24;31;0;0;58;26;13;0;25;0;0;5;10;0;0;0;8;0;18;38;0;19;0;0;0;13;13;0;0;28;0;0;0;0;7;0;9;0;10;15;0;0;0;0;4;0
"S40_P1A18";1643;9417;896;1291;4331;7;196;223;1387;427;144;519;1196;394;206;68;1000;19;115;64;10440;279;271;416;9;96;53;579;299;273;177;87;31;37;50;104;24;167;138;46;25;29;0;8;35;399;1073;94;124;73;23;128;311;151;0;8;154;182;0;39;0;52;68;450;59;69;21;62;31;15;234;0;0;29;8;18;7;0;177;2;15;13;0;39;0;68;0;14;0;58;0;10;0;10;0;22;10;9;3;0;0;10;0;0;20;8;10
"S41_P2F18";17247;3217;2465;119;4100;9;3334;67;2174;2027;786;509;0;1411;76;1109;845;557;0;207;0;202;788;267;40;1575;151;107;530;0;0;1112;0;994;15;206;525;139;325;122;367;262;0;241;367;0;66;40;206;10;270;0;0;0;246;0;0;0;64;72;55;6;50;0;0;148;32;46;18;72;0;32;17;0;0;28;7;77;0;32;17;0;29;0;0;0;12;25;18;0;40;46;34;0;17;0;0;13;0;15;0;0;11;0;0;10;5
"S42_P3F18";13239;1928;2882;22;2414;0;2655;0;778;2144;12761;1583;0;654;41;814;999;1610;0;1295;0;213;703;194;47;2715;100;93;690;0;0;733;0;778;0;729;331;103;252;125;159;144;0;205;223;0;81;33;138;0;263;8;0;0;220;0;0;0;59;130;68;9;21;0;0;135;21;30;0;51;0;37;0;0;0;29;6;82;0;31;23;0;26;0;0;0;11;24;7;0;25;102;58;0;5;0;10;16;0;14;28;0;0;6;0;0;12
"S43_P4F18";18718;3247;3984;16;3608;65;4071;44;1263;1303;256;4169;0;1442;34;968;792;417;0;1421;0;210;742;197;63;2434;134;139;668;0;0;1168;0;2492;26;65;603;297;454;66;375;166;3;402;329;0;44;37;199;0;298;0;0;0;378;0;0;0;51;62;57;5;28;0;0;108;27;42;0;45;0;0;4;10;0;13;4;189;0;69;43;0;57;0;21;0;6;32;0;0;31;0;9;0;12;0;0;6;0;29;15;0;0;0;0;7;17
"S44_Q1A17";191;7349;93;19198;3053;344;34;2721;10;427;0;467;18;0;21;18;1850;162;312;13;199;106;24;0;17;55;0;81;38;79;45;0;66;5;47;0;0;16;17;145;117;10;24;0;0;53;806;25;290;73;0;74;7;89;0;210;17;54;0;18;0;0;0;24;33;7;0;21;8;9;0;17;0;0;0;39;20;0;0;0;0;148;0;27;0;7;0;9;0;4;0;0;20;0;18;0;0;0;8;0;0;0;10;4;8;0;0
"S45_Q1F18";123;32464;59;8216;5819;494;0;1045;0;108;163;0;0;27;2;2;4644;0;11;5;0;16;0;6;9;0;0;6;0;15;0;43;36;0;0;0;0;0;0;161;0;38;0;0;0;0;8;59;534;33;0;0;0;0;0;307;0;0;45;0;77;0;0;0;0;0;0;7;0;0;0;0;2;0;0;0;0;0;0;0;0;0;0;16;0;0;0;8;0;0;3;0;0;0;0;0;6;0;0;0;0;0;0;11;0;0;0
"S46_Q2A17";2288;3119;378;2006;3226;268;315;0;12;515;6;1070;28;0;126;78;1576;121;49;705;752;1621;45;6;24;157;93;1097;54;38;193;33;300;44;187;153;0;79;126;57;32;0;23;0;0;0;1673;242;243;171;19;303;0;44;0;55;123;86;0;50;0;0;0;253;61;77;0;0;132;0;72;40;0;0;0;29;0;0;0;10;0;14;0;31;0;0;0;40;0;43;0;0;18;0;13;0;0;0;10;0;0;0;19;0;0;4;0
"S47_Q2F18";3856;50513;2645;357;712;274;121;865;282;328;352;216;0;210;48;41;30;65;0;93;0;83;39;55;0;0;21;538;69;133;0;515;597;0;0;12;0;0;114;554;0;133;0;28;0;0;42;179;163;552;0;0;31;0;26;35;0;0;451;0;648;0;0;0;0;0;0;0;0;0;23;3;0;16;0;25;0;0;14;0;0;0;9;29;0;0;15;102;14;0;0;0;0;18;0;0;0;0;0;0;0;0;0;63;0;0;0
"S48_Q3A17";1384;2779;277;1065;2465;269;133;0;10;611;0;1783;0;0;206;81;670;456;9;80;467;3427;46;0;15;67;47;1820;13;101;0;28;128;39;119;29;0;62;161;165;48;8;0;0;0;0;925;206;210;210;0;276;0;47;0;23;173;111;0;51;0;0;0;311;54;96;0;0;9;0;102;52;0;0;12;31;0;0;0;13;5;10;0;0;0;0;17;89;0;11;0;0;0;4;24;19;0;0;8;0;0;0;0;0;13;0;15
"S49_Q3F18";4857;43251;1163;8326;1519;721;131;626;207;2655;446;239;28;490;56;150;831;40;24;54;80;309;75;36;107;49;57;331;184;82;0;221;214;39;0;26;0;35;116;828;0;199;6;34;14;0;159;154;161;326;0;14;44;0;57;0;9;22;406;18;294;8;0;12;0;0;6;0;0;0;17;0;0;0;0;0;3;0;6;3;0;0;14;51;0;0;0;50;0;0;0;0;0;5;9;0;0;6;0;0;0;5;0;0;0;0;0
"S50_Q3A18";12221;968;2576;640;5248;0;2530;94;1256;1551;267;818;64;94;167;498;4204;686;0;884;1197;43;248;166;103;0;213;235;97;13;221;212;628;220;434;2653;256;255;459;88;148;28;0;0;52;0;0;0;1084;0;261;46;41;109;0;0;0;49;0;99;0;0;0;0;53;170;39;0;0;8;58;158;0;0;0;15;161;8;0;159;177;133;0;0;39;216;0;53;0;0;0;15;28;0;28;0;0;0;101;56;27;0;51;0;40;92;0
"S51_Q4A17";1410;3241;371;785;1955;174;153;949;20;315;10;587;2;0;148;110;433;90;0;0;564;4724;65;0;17;100;54;1995;67;1642;43;59;66;8;84;14;0;127;204;40;29;11;0;0;0;9;1308;301;110;215;14;451;0;59;0;45;220;82;0;65;0;0;0;335;83;99;4;14;0;0;178;39;0;0;9;15;0;0;0;8;16;18;0;0;0;5;15;60;0;9;0;0;14;0;0;0;0;0;0;0;0;0;0;5;15;0;0
"S52_Q4F18";773;47503;1295;817;1682;624;42;1448;54;285;158;62;4;250;15;48;746;34;14;9;36;140;0;16;21;0;19;354;42;50;0;417;0;0;0;0;0;7;99;313;0;97;225;14;0;0;88;180;237;592;0;0;0;34;0;0;0;0;235;25;150;0;0;0;0;21;0;0;0;0;0;0;0;0;0;0;0;0;0;0;0;0;0;35;0;0;0;34;0;0;0;0;0;22;0;0;7;0;0;0;0;4;0;8;0;0;0
"S53_Q4A18";22373;633;2382;464;3586;0;3344;0;919;1020;352;1109;0;195;144;63;1988;812;0;761;295;266;455;151;0;0;287;0;252;0;265;340;143;248;237;1382;353;247;209;14;90;80;0;0;64;0;10;0;480;0;260;0;6;214;0;0;0;190;0;104;0;0;69;0;0;48;5;39;47;71;79;30;0;11;54;46;37;0;0;242;62;63;0;0;48;0;0;0;0;0;0;0;0;0;0;0;0;3;100;0;8;0;0;0;0;0;0
"S54_L1A17";15939;18828;4400;265;1334;14;1735;591;427;595;0;665;2619;14;20;27;227;24;513;294;12;0;70;0;0;130;69;0;170;51;303;360;0;118;859;39;355;449;22;45;46;71;23;8;80;238;10;21;103;0;11;7;10;66;33;0;26;189;0;10;0;36;21;0;0;0;0;32;0;0;0;0;0;10;0;0;0;0;12;0;0;0;16;0;0;7;0;0;0;108;0;0;0;0;0;9;9;0;0;0;0;0;27;6;0;0;0
"S55_L1F18";1503;10779;279;8393;5569;18;94;0;848;290;403;59;115;56;0;81;1168;0;4503;28;455;0;44;14;223;0;0;27;47;248;0;164;0;8;0;105;27;33;12;19;13;318;0;12;7;32;13;30;71;0;0;19;54;0;7;0;0;9;0;0;0;0;0;0;0;0;0;12;63;3;0;0;0;0;0;0;6;0;0;7;0;0;0;0;0;0;0;11;3;26;0;9;20;4;0;0;0;12;0;0;0;0;0;0;0;0;0
"S56_L1A18";14106;487;1850;193;1339;0;728;0;1660;700;8696;515;9;455;0;0;2822;210;0;2743;37;0;7;0;0;392;0;0;0;0;584;0;69;0;448;440;13;0;140;271;0;0;0;0;0;0;0;0;97;0;0;0;0;0;0;0;0;0;0;0;0;0;0;0;143;0;0;0;0;0;0;0;0;0;0;0;0;0;0;23;0;0;0;0;0;0;0;0;0;0;0;0;0;0;0;0;0;0;0;0;0;0;0;0;10;0;0
"S57_L2A17";12994;5281;3068;453;842;0;1307;300;170;1081;0;509;902;13;44;13;771;42;3608;269;26;0;72;14;0;364;49;11;70;6936;583;269;30;90;490;163;213;753;15;60;0;22;11;0;41;956;5;0;199;0;19;0;10;109;23;4;0;78;0;27;0;23;0;0;0;0;0;33;13;0;0;0;0;0;0;0;9;6;13;0;0;0;0;0;0;0;0;0;0;0;0;0;0;0;0;9;0;9;11;0;0;0;22;0;0;3;0
"S58_L2F18";13427;11704;3003;2159;2449;255;1075;113;4385;939;5654;210;139;317;0;329;1672;9;290;84;38;251;649;98;175;76;11;305;498;349;0;579;8;40;0;377;385;258;50;272;0;830;0;243;40;42;123;189;185;34;0;0;16;67;127;39;0;19;194;23;127;62;25;0;0;19;0;0;213;0;0;40;12;0;0;0;14;78;4;11;24;0;0;0;0;0;0;55;14;20;0;20;23;15;13;17;15;0;0;9;0;0;0;8;0;0;9
"S59_L2A18";20928;453;1578;1760;2582;0;1727;114;774;1401;218;1459;49;76;10;0;2500;675;0;2252;6;26;0;28;0;222;139;19;11;0;910;0;536;429;562;683;41;0;0;235;0;0;0;0;0;0;300;5;489;0;0;0;0;111;0;0;0;9;0;9;0;0;0;0;0;38;0;0;0;0;106;33;0;0;8;0;0;132;0;145;0;0;0;8;0;0;0;0;0;0;0;0;0;0;0;0;0;30;0;0;0;0;0;0;0;0;0
"S60_L3A17";16070;4725;994;45;4889;0;1799;86;78;804;0;451;1416;0;23;6;2073;480;1312;255;11;0;143;7;6;162;42;10;149;159;1291;216;603;424;78;552;313;1201;5;44;43;47;30;14;25;680;34;0;254;0;14;20;0;25;32;0;4;119;0;56;0;0;0;0;0;0;0;34;134;0;0;18;0;0;0;92;14;51;0;58;0;0;0;0;0;18;4;0;0;0;0;0;9;0;11;0;0;10;0;0;0;0;19;0;0;4;0
"S61_L3F18";6094;14461;2791;6078;282;38;398;666;1029;289;113;21;174;126;15;146;99;0;245;0;21;58;134;38;43;12;0;44;396;34;0;370;6;10;0;62;280;48;86;99;9;677;13;95;44;52;155;125;0;0;19;55;10;50;25;0;0;10;33;0;23;213;0;0;22;4;0;0;41;10;0;6;10;0;0;0;6;15;0;0;0;0;6;0;0;0;0;26;10;11;22;0;0;16;9;0;4;10;0;0;8;0;0;0;0;0;0
"S62_L3A18";23063;164;1848;893;2041;26;1453;74;2103;894;3770;2636;0;295;312;0;2110;1715;0;314;859;32;0;0;0;210;339;259;0;0;677;0;0;0;572;532;0;385;66;8;0;0;9;0;0;0;0;0;290;0;122;0;27;580;0;0;0;234;0;0;0;0;0;48;0;0;40;0;0;136;142;0;0;0;0;142;0;0;0;2;0;0;0;134;0;107;0;0;0;0;0;0;0;0;0;0;0;0;0;0;0;0;0;0;0;0;0
"S63_L4A17";17473;13091;1061;0;444;0;1897;3932;139;500;0;34;5444;13;21;9;614;17;3010;8;7;0;122;6;0;105;25;4;153;171;1310;176;0;43;11;143;196;734;0;22;13;31;25;6;23;2134;20;0;89;0;12;0;6;0;41;0;0;28;0;49;0;0;42;0;0;32;0;38;42;14;0;0;0;12;0;0;6;7;0;0;8;2;0;0;0;9;0;0;0;0;0;0;13;0;0;20;10;9;0;0;0;0;0;0;0;0;0
"S64_L4F18";15704;9684;2706;159;656;198;1740;0;1233;794;102;70;326;137;59;568;384;9;668;29;0;179;439;43;77;33;14;268;549;27;0;788;15;17;0;167;835;158;130;49;24;489;4;356;119;63;209;75;54;21;29;28;33;67;157;0;0;15;71;20;27;1085;24;21;15;23;18;31;104;55;7;18;36;0;0;0;0;50;0;5;0;0;0;18;0;0;18;70;11;14;52;0;0;44;20;0;32;19;0;0;7;2;0;13;0;0;0
"S65_L4A18";25086;275;2375;775;3536;35;1097;212;1550;1310;22;5837;103;56;76;14;2424;723;0;1136;234;145;17;32;0;125;44;21;127;0;393;77;1034;46;1227;230;136;93;12;346;21;6;18;0;0;0;102;0;332;0;19;18;0;105;0;0;0;73;0;42;0;0;0;0;0;59;0;0;0;26;46;28;0;0;5;15;39;11;0;43;34;0;0;24;5;28;0;0;0;0;0;0;0;0;0;22;0;0;4;0;0;0;0;0;10;0;0
