"";"Ostreococcus";"Pseudozyma";"Dino-Group-I-Clade-1_X";"Paracalanus";"Bathycoccus";"Gyrodinium";"Guinardia";"Micromonas";"Meira";"Picochlorum";"Plagioselmis";"Rhizosolenia";"Tetraselmis";"Unassigned";"Phragmatopoma";"Chloroparvula";"Phaeocystis";"Pelagomonas";"Pelagostrobilidium";"Saccharina";"Teleaulax";"Oligotrichida_XX";"Thalassiosira";"Strombidiidae_X";"Picozoa_XXXXX";"Dino-Group-III_XX";"Pycnococcaceae_X";"Chaetoceros";"Minutocellus";"Pelagomonadales_clade_B1";"MAST-7B";"Dino-Group-II-Clade-10-and-11_X";"Obelia";"Heterocapsa";"Dino-Group-II-Clade-6_X";"Laboea";"Askenasia";"Detonula";"Dinophyceae_XXX";"Gymnodinium";"Dino-Group-I-Clade-5_X";"MAST-4A";"Aureococcus";"MAST-7A";"Dino-Group-II-Clade-7_X";"MAST-4E";"Kathablepharidida_XX";"Dino-Group-II-Clade-23_X";"Rhodotorula";"Dino-Group-II-Clade-44_X";"Ephelota";"MAST-4B";"MAST-12A";"Thraustochytriaceae_LAB17";"MAST-3E";"Chloropicon";"Crustomastigaceae_X";"Aplanochytrium";"Prasinoderma";"Oithona";"MAST-12_X";"Strombidium";"Prorocentrum";"Dino-Group-II-Clade-13_X";"Pleurobrachia";"Chlorodendrales_XX";"Dino-Group-II-Clade-22_X";"MAST-7C";"Choreotrichida_XX";"Dino-Group-II-Clade-1_X";"Rhodomonas:nucl";"MAST-2B";"Cylindrotheca";"Amphimedon";"Chrysophyceae_Clade-EC2H_XX";"Luciella";"Apicomplexa_XXXX";"Calanus";"Paraphysomonas";"Chrysochromulina";"Telonemia-Group-2_X";"Dino-Group-II-Clade-52_XX";"Pyramimonas";"Pedinellales_X";"Parmales_env_3B";"Haptolina";"Rhinomonas:nucl";"Dino-Group-II-Clade-16_X";"MAST-1B";"Parmales_env_3A";"Plagioselmis:nucl";"Biecheleria";"Rhodomonas";"Dictyocha";"Dino-Group-II-Clade-17_X";"Caecitellus";"Pelagomonadaceae_clade_C";"Florenciella";"Clytia";"Oikopleura";"MAST-4C";"Cryothecomonas";"Dino-Group-II-Clade-3_X";"MAST-2D";"Parmales_env_3_X";"Tintinnidae_X";"Triparma";"Pelagodinium";"MAST-8A";"Dino-Group-II-Clade-32_X";"MAST-11_X";"Helicostomella";"Dino-Group-II-Clade-5_X";"Minorisa";"Florenciellales_X";"Stephanoecidae_Group_H_X";"Dino-Group-II-Clade-12_X";"Islandinium";"Stephanoecidae_Group_D_X";"MAST-12B";"Haptophyta_Clade_HAP3_XXX";"MAST-10_X";"Paraphysomonadales_Clade-EC1Ga_X";"Dino-Group-II-Clade-39_X";"Brockmanniella";"Prymnesiaceae_X";"Bicoecaceae_X";"Urotricha";"Syndinium";"Pleurostomatida_X";"NASSO_1";"MAST-9D";"Karlodinium";"MAST-4D";"Pseudotontonia"
"S01_C1A17";0;17517;2075;12;0;0;30;933;3559;24;0;261;0;3569;0;0;7360;0;4;0;0;0;2452;0;5;0;24;386;6;0;0;247;0;0;0;0;0;0;11;0;0;0;0;0;0;0;0;8;161;0;0;0;0;126;0;0;0;46;0;0;0;0;0;0;0;0;0;0;0;0;0;668;0;0;15;0;0;0;0;154;123;0;0;92;0;44;0;0;0;0;0;34;0;0;0;0;0;42;0;0;0;0;0;0;0;0;0;0;10;0;0;0;0;0;0;0;0;0;0;0;0;0;13;0;0;0;0;0;0;0;0;0;0;0;0
"S02_C1F18";9802;5240;10894;327;666;574;832;1547;56;9;195;608;72;3193;0;1101;392;129;215;0;458;0;222;429;155;298;2634;256;234;23;392;662;0;185;430;4;52;0;1244;54;1210;50;20;179;432;35;630;232;0;169;0;281;0;675;77;50;35;244;111;33;0;32;119;161;76;0;129;156;9;313;61;27;61;6;195;0;0;85;80;187;71;596;0;47;36;14;47;0;72;67;17;0;29;0;0;42;103;0;0;11;10;0;0;0;30;10;0;0;29;23;14;0;34;0;16;65;27;0;15;0;0;0;10;22;12;6;0;0;13;10;19;0;4;16;0
"S03_C1A18";11088;3090;5766;625;1743;138;0;436;0;91;662;0;0;1719;0;2580;212;2180;153;0;804;330;37;693;111;336;34;14;0;1063;40;2231;0;169;240;95;14;0;311;302;154;170;448;0;63;60;32;33;0;17;0;28;195;29;0;64;26;7;105;9;3;71;50;54;0;0;0;0;25;49;0;0;0;0;51;139;0;0;0;124;695;31;7;26;16;62;0;31;0;9;34;0;0;34;0;0;13;40;0;11;8;13;0;21;16;0;11;0;0;0;0;0;0;0;29;0;0;0;10;0;24;0;0;0;0;0;0;8;5;7;4;6;8;0;2
"S04_C2A17";0;44296;1563;9;0;16;6;25;264;33;0;27;0;732;9;23;90;0;0;0;0;0;231;0;0;0;27;60;0;0;0;11;0;0;0;0;0;0;0;0;0;0;0;0;0;0;0;17;92;0;0;0;0;13;0;0;0;28;0;0;0;0;0;0;0;0;0;0;0;0;0;34;0;0;0;0;0;0;0;0;37;0;0;8;0;0;0;0;0;0;0;0;0;0;0;0;0;0;0;0;0;0;0;0;0;0;0;0;0;0;0;0;0;0;0;0;0;0;0;0;0;0;0;0;0;0;0;0;0;0;0;0;0;0;0
"S05_C2F18";1508;1233;6818;549;175;10735;3474;239;0;0;178;1669;123;4180;0;286;304;90;366;22;487;236;1005;359;73;193;1005;613;64;0;136;544;19;189;186;8;27;0;1171;56;666;24;0;150;159;25;144;223;0;52;0;246;0;593;0;19;12;374;50;97;4;281;75;49;41;0;170;57;0;121;126;5;91;0;110;29;0;118;50;118;18;406;0;31;13;0;55;0;23;0;25;18;56;6;0;44;214;0;0;0;0;0;25;0;22;32;0;0;0;0;0;15;21;0;0;41;24;78;0;0;0;0;4;18;6;12;6;0;13;0;11;0;19;0;0
"S06_C2A18";7605;6268;12799;737;1118;1507;13;324;1156;134;424;16;0;3161;0;5858;89;1292;163;0;562;505;187;540;78;266;87;27;0;666;33;1100;0;155;150;29;19;0;274;153;143;112;258;0;38;45;22;136;0;11;0;17;102;40;21;195;18;0;380;48;0;49;53;44;31;62;0;0;19;80;0;0;0;0;24;59;13;161;0;29;182;19;0;14;0;33;0;0;0;10;0;0;0;56;0;0;23;15;0;3;0;0;0;11;0;9;7;0;0;0;0;0;6;0;4;0;0;0;0;10;16;0;12;0;0;0;0;0;0;0;0;9;0;0;0
"S07_C3A17";0;45630;4000;32;0;0;1050;41;1146;122;0;5219;30;2967;0;59;46;0;47;0;0;0;745;0;0;0;292;147;9;0;0;101;0;0;0;0;0;0;41;0;0;0;0;0;0;0;0;22;372;0;0;0;0;122;0;25;0;135;0;0;3;0;0;0;0;0;0;0;0;0;0;40;0;0;0;49;3;0;0;19;16;0;0;0;0;0;0;0;0;0;0;0;0;0;0;0;0;0;0;0;0;0;0;0;0;0;0;33;7;0;0;0;0;3;0;0;0;0;0;0;0;0;0;0;0;0;0;0;0;0;0;0;0;0;0
"S08_C3F18";82;4845;2791;1206;28;944;2560;379;0;0;22;14878;0;1451;8;97;798;6;1071;0;156;2783;6140;7;5;4;613;5839;91;13;0;1400;61;0;0;0;0;0;294;0;100;0;0;9;4;0;13;118;25;0;0;0;85;491;0;0;0;522;19;109;0;0;0;0;0;0;0;0;0;14;111;390;105;0;26;243;0;288;53;129;118;17;0;80;0;65;24;0;0;13;7;125;12;0;0;0;20;36;0;32;0;19;0;0;0;0;0;0;0;0;0;0;0;0;0;0;0;28;0;0;0;0;17;0;0;0;0;0;0;0;0;16;0;0;0
"S09_C3A18";2166;383;3157;5015;1501;2355;48;715;0;50;294;81;0;1798;0;1159;432;1772;813;4;1026;541;1789;412;54;116;34;617;63;1512;47;1338;27;179;66;207;15;4;885;164;169;101;603;0;18;8;83;13;0;0;18;14;867;23;0;49;77;39;315;247;21;309;18;0;23;29;0;0;23;59;0;32;0;0;70;153;21;0;30;157;499;19;0;30;14;101;0;0;0;28;26;220;0;276;4;0;6;52;0;0;0;37;0;15;28;35;13;100;0;0;0;25;0;0;23;0;0;0;12;0;0;15;11;0;14;0;0;23;0;0;0;0;11;0;1
"S10_C4A17";26;34254;1948;38;0;26;30;0;2695;42;0;147;12;540;3;19;58;0;8;0;0;0;437;4;0;5;88;48;0;0;0;33;0;0;0;0;0;0;32;0;0;0;0;0;0;0;0;3;887;0;0;0;0;41;0;0;0;45;0;0;0;0;0;0;0;0;0;0;0;0;0;38;0;0;0;42;0;0;0;0;10;0;0;0;0;0;0;0;0;0;0;0;0;0;0;0;0;0;0;0;0;0;0;0;0;0;0;10;0;0;0;0;0;0;0;0;0;0;0;0;0;0;0;0;0;0;0;0;0;0;0;0;0;0;0
"S11_C4F18";116;3191;3247;847;57;566;1713;771;0;0;17;8290;267;2288;10;215;699;26;1120;14;174;1432;4367;103;18;5;589;3814;35;0;10;1691;33;0;0;0;41;0;144;0;187;0;0;0;39;0;0;13;46;0;0;0;47;583;0;0;0;283;0;100;4;0;0;0;0;7;0;0;0;27;155;274;169;0;111;196;8;211;85;188;42;0;0;52;0;64;58;0;0;0;2;36;113;7;0;0;18;26;0;0;0;13;0;0;0;4;0;36;0;0;0;32;5;0;0;7;5;77;0;0;0;0;29;0;0;0;0;0;0;0;0;0;0;0;0
"S12_C4A18";2508;3092;5443;2842;2639;658;30;1249;150;71;424;31;0;1574;0;1268;420;2872;763;0;1092;443;656;521;95;107;42;306;27;2771;59;2482;52;170;57;179;22;14;373;141;240;221;873;44;19;44;47;56;0;0;11;20;843;42;0;14;110;46;130;226;33;299;0;25;0;16;0;22;18;63;0;34;0;0;150;183;24;0;40;159;404;22;0;48;45;97;0;0;0;99;38;86;0;105;7;0;0;45;23;0;17;73;22;15;96;12;20;49;38;0;0;49;0;0;57;0;0;0;0;21;11;17;13;0;1;6;0;26;0;7;0;11;0;0;8
"S13_F1A17";1805;6673;3420;891;463;2136;32;1635;154;5;1492;0;0;1624;122;0;821;75;1929;23;2573;3995;314;2520;2102;180;56;289;22;12;586;78;0;165;4;670;39;0;429;392;162;54;2;195;0;8;0;0;143;3;0;125;74;10;157;0;0;0;0;15;21;7;0;0;135;19;20;0;25;6;0;24;0;0;10;140;0;0;39;169;107;67;20;113;0;23;0;0;46;0;10;0;0;27;0;0;0;21;0;0;0;13;0;7;58;0;27;44;25;0;0;0;0;18;18;0;0;0;49;0;2;14;0;0;0;0;0;0;0;44;0;0;0;1;2
"S14_F1F18";720;5940;2526;647;46;683;20900;86;0;9;151;312;0;7541;72;244;72;29;23;225;78;57;323;28;17;178;351;171;15;0;236;139;0;99;190;0;15;0;607;0;278;44;0;169;252;19;186;180;0;130;0;255;0;290;74;29;0;120;42;264;0;48;0;0;0;0;160;126;0;83;41;0;23;25;63;0;0;43;0;62;0;0;0;22;0;0;15;13;18;0;0;44;0;0;0;68;34;0;0;42;0;9;24;0;0;10;11;0;13;24;0;0;12;0;0;13;12;20;0;0;0;5;0;0;0;0;6;0;0;4;8;0;0;9;0
"S15_F1A18";8100;2234;21269;413;1069;86;12;538;1458;2705;841;0;0;1276;19;4656;42;188;13;13;962;81;102;164;100;276;575;0;114;150;93;2049;42;136;38;27;15;0;310;297;125;172;93;0;21;127;0;338;121;15;0;67;30;102;55;1039;29;0;400;18;0;0;2;12;0;15;0;0;0;194;0;0;0;0;67;86;41;0;131;91;42;7;19;41;24;0;0;38;24;9;34;0;0;33;14;0;7;0;0;0;5;0;0;15;15;6;5;0;0;0;11;38;0;0;0;0;0;0;17;15;8;6;13;0;10;0;0;0;0;0;7;10;0;0;0
"S16_F2A17";2053;16807;8952;214;673;293;6;2192;311;229;581;0;0;846;613;62;769;289;24;62;935;112;30;74;2511;105;888;40;46;35;419;68;38;26;11;0;14;0;77;88;248;74;6;336;0;23;0;27;119;0;0;178;186;55;180;43;0;51;0;11;81;9;0;0;60;0;34;0;0;0;0;20;0;0;0;21;3;0;24;139;75;41;0;79;17;12;0;0;81;76;8;0;0;0;0;0;12;24;0;0;0;0;0;0;90;0;16;0;47;0;0;0;0;18;48;0;0;0;102;0;12;26;0;0;0;0;0;17;0;26;15;0;0;1;0
"S17_F2F18";2157;10386;4558;2959;159;1194;11897;191;0;7;212;42;0;7747;123;572;93;88;0;196;136;0;199;54;104;111;501;0;39;0;439;295;10;67;625;6;0;0;461;11;163;64;4;288;418;79;222;212;0;410;0;405;25;282;104;45;0;133;39;848;0;138;35;141;0;0;169;282;0;327;48;9;35;85;299;0;0;54;17;67;27;0;0;25;34;8;20;36;18;20;0;110;20;0;6;156;46;0;20;56;10;0;0;0;22;10;18;0;0;132;23;39;0;0;4;16;37;62;0;0;0;12;19;0;7;0;116;0;6;0;12;0;0;0;0
"S18_F2A18";18939;1053;13190;380;2704;267;0;1080;0;773;659;0;0;1509;0;1541;48;594;69;5;893;660;90;371;171;305;152;21;42;385;296;1192;0;163;224;2382;22;0;427;337;200;608;256;126;89;488;0;85;4;67;3;260;52;42;84;281;23;13;92;0;0;74;44;65;4;0;0;24;17;98;0;0;0;0;285;77;4;69;51;36;49;33;0;43;68;11;0;62;15;29;30;0;0;20;28;0;6;7;0;0;18;0;25;26;54;19;23;0;16;0;42;20;22;0;20;7;15;0;16;25;25;15;37;6;15;0;0;0;0;7;13;6;0;14;7
"S19_F3A17";994;24213;9272;74;230;0;0;945;3993;322;120;0;6;1403;0;54;244;70;141;4;347;117;0;129;623;18;496;0;9;28;190;0;0;0;0;0;0;0;0;15;66;27;4;83;0;0;0;17;985;0;0;55;32;41;34;19;0;0;0;35;12;0;0;0;1755;0;0;0;0;0;0;19;0;0;0;0;0;0;0;40;14;16;0;37;0;7;0;0;39;23;0;0;0;0;0;0;0;0;0;0;0;0;0;0;16;0;0;0;26;0;0;0;0;31;14;0;0;0;19;0;4;0;0;0;0;0;0;4;0;0;4;0;0;0;0
"S20_F3F18";3548;2325;5775;1660;447;139;2499;418;121;16;1207;29;22;4172;2411;338;190;220;0;698;586;0;27;133;413;1311;462;18;49;48;888;275;10;417;1374;0;23;0;1215;200;1202;247;29;549;1305;223;624;489;0;638;0;980;39;304;226;22;0;153;14;191;20;390;234;255;0;0;844;550;13;427;23;21;30;162;462;0;0;472;15;147;24;57;8;96;114;24;20;117;54;74;15;45;0;0;0;284;71;0;15;38;20;0;81;0;48;0;28;0;38;62;64;19;20;0;8;56;80;12;7;0;0;16;52;15;7;15;76;10;16;6;24;0;3;1;0
"S21_F3A18";3819;8315;24291;129;461;327;0;367;810;4626;401;0;0;657;35;6099;20;64;12;16;412;107;59;101;80;137;891;0;65;53;0;3005;7;70;21;140;0;0;182;226;53;81;48;44;17;75;0;454;70;15;0;23;10;156;22;1388;11;0;679;18;0;17;0;16;0;16;0;0;4;371;0;0;0;0;56;32;53;4;71;28;9;0;11;26;18;0;0;39;0;0;22;0;0;8;7;0;0;19;0;0;0;0;0;8;0;0;7;0;0;0;4;14;6;0;0;0;0;0;0;0;8;0;12;0;24;0;0;3;0;0;2;15;0;0;8
"S22_F4A17";255;24916;4540;55;68;60;0;322;7170;355;99;0;0;689;15;73;112;24;21;22;315;49;7;29;392;30;532;9;13;0;86;19;0;29;0;10;0;0;2;0;48;17;0;50;0;0;0;22;1428;0;0;24;12;56;53;41;0;14;0;30;7;0;0;0;24;0;0;0;0;4;0;4;0;15;0;0;5;0;0;45;26;18;0;0;0;0;0;0;0;8;0;0;0;0;0;0;10;0;0;0;0;0;0;0;9;0;0;0;0;0;0;0;0;0;0;0;0;0;11;0;0;0;0;0;0;0;0;0;0;3;0;0;0;0;0
"S23_F4F18";3986;4346;5381;982;527;177;2460;405;42;9;1182;27;0;3410;2192;245;167;354;4;398;612;0;0;130;591;1116;320;8;23;30;988;719;9;335;1811;0;18;0;1355;72;1188;265;26;564;1747;194;581;435;0;661;7;999;33;299;196;12;0;158;0;103;13;183;303;280;0;0;664;575;19;747;43;17;34;220;471;39;3;410;31;144;7;44;0;132;118;16;23;126;87;78;17;42;22;6;21;233;44;0;11;112;18;0;75;28;49;11;32;0;38;102;75;18;46;0;22;81;122;18;0;0;9;0;62;40;0;0;64;0;21;0;32;0;2;1;0
"S24_F4A18";9957;4568;16949;655;1844;124;14;1161;127;1081;1629;0;0;1399;8;1418;83;391;53;0;1333;810;74;339;136;403;254;8;93;235;147;1595;0;220;128;127;23;14;463;751;236;320;163;58;52;311;0;132;8;34;0;71;51;49;109;435;42;7;191;70;0;57;98;33;0;6;0;0;27;184;0;0;0;0;124;78;9;0;554;48;68;10;25;75;52;0;0;102;14;14;49;0;0;42;20;0;9;45;2;0;9;0;21;23;13;16;18;0;11;0;21;50;15;0;31;0;0;0;12;21;45;13;28;0;17;0;0;0;0;5;24;0;10;8;12
"S25_H1A17";22423;5170;2694;111;702;104;0;1317;222;342;270;8;0;1518;115;96;2447;237;28;9;374;201;74;70;835;408;206;10;0;25;666;290;17;98;6;0;143;29;225;251;54;171;6;0;26;198;0;31;65;26;24;17;608;28;54;38;0;13;83;35;167;0;0;0;0;1295;202;61;12;0;0;107;0;15;103;34;0;0;26;160;70;0;718;0;45;120;0;19;35;27;22;0;0;29;6;0;0;14;0;0;0;79;0;0;40;64;11;0;31;0;0;0;0;14;11;0;0;0;0;47;0;0;0;0;9;68;0;0;0;0;0;0;0;9;6
"S26_H1F18";35523;3052;1337;28;2176;668;37;4539;0;102;496;20;0;544;1369;154;44;143;7;107;456;38;82;416;243;409;163;27;81;42;793;419;0;118;547;0;63;0;967;170;284;62;71;205;756;111;356;67;4;143;7;17;132;14;19;0;265;31;0;0;12;50;93;209;0;0;9;83;23;177;46;32;62;250;143;47;0;19;0;218;56;38;7;132;38;51;32;33;22;11;20;69;21;16;99;6;0;0;0;0;30;23;0;0;0;12;20;50;32;73;34;17;111;69;57;0;0;11;6;23;0;24;0;51;0;20;0;0;0;0;7;0;1;11;0
"S27_H1A18";27405;399;3096;3641;2548;159;0;1588;48;103;769;0;0;2004;634;583;159;797;611;240;675;808;155;111;360;521;44;0;0;633;258;1071;84;442;142;120;21;0;655;497;861;675;312;238;96;326;22;26;0;41;22;0;90;60;0;14;154;10;49;29;107;36;209;0;63;0;58;38;60;56;0;24;0;0;153;24;4;0;20;78;11;0;11;24;71;0;0;100;40;34;47;0;0;23;0;0;0;40;0;104;14;11;127;12;19;0;12;0;0;0;6;0;14;9;49;10;23;11;11;0;27;28;0;13;0;0;0;0;13;9;14;0;3;1;4
"S28_H2A17";22993;3451;1253;25;713;38;0;1513;846;91;255;0;0;683;33;27;1628;160;18;0;282;355;31;74;819;324;40;0;0;24;686;159;0;184;12;0;20;33;150;181;30;153;14;0;12;157;7;8;7;18;13;12;358;40;49;10;0;9;12;31;119;33;2;22;0;0;259;48;23;0;0;61;0;0;61;0;0;0;53;148;61;0;116;0;74;38;0;7;49;42;10;0;0;30;0;0;8;18;0;0;0;50;14;0;68;19;21;0;15;0;0;0;0;14;11;0;0;0;0;0;4;7;0;0;0;21;0;0;0;0;0;0;0;12;0
"S29_H2F18";29128;1244;1303;23;1714;2277;16;3889;0;162;907;0;353;1913;122;315;55;143;627;27;595;254;0;1251;225;794;199;11;122;17;1114;342;9;279;564;28;206;0;1558;571;316;91;32;236;939;151;228;73;3;114;0;29;67;18;12;8;266;11;0;0;0;75;158;166;0;0;0;132;66;202;106;35;104;69;199;35;0;11;0;193;92;70;17;160;33;49;62;38;22;0;37;69;27;11;77;12;0;73;0;0;28;14;0;0;0;11;46;70;59;55;55;51;106;85;37;8;0;18;0;32;0;21;15;75;0;34;0;16;0;0;11;0;1;3;0
"S30_H2A18";25169;201;2582;2108;2325;222;0;1491;0;93;732;0;0;2713;613;516;160;867;193;213;928;407;142;69;282;608;35;0;0;689;226;1111;18;550;166;121;22;0;823;655;1162;485;407;202;75;287;28;22;0;39;27;0;69;8;20;39;173;15;64;49;89;38;223;0;0;0;84;29;34;65;0;30;0;0;129;30;0;0;29;61;27;0;0;43;51;0;0;83;49;40;67;0;0;15;0;0;18;30;0;87;5;27;140;14;13;7;0;0;25;0;8;0;11;13;52;12;25;17;34;0;11;27;15;0;0;0;0;8;20;0;8;2;1;18;0
"S31_H3A17";21918;14014;1685;9;687;20;0;1635;1905;129;743;0;12;874;1174;48;502;368;0;6;864;119;0;44;722;355;126;0;13;45;622;271;0;311;15;0;0;33;178;86;364;213;22;71;30;243;0;22;41;23;0;18;92;44;218;28;0;0;25;0;73;119;43;0;0;16;432;63;0;0;0;28;0;0;70;0;0;0;68;189;74;0;17;0;42;37;0;54;206;13;30;0;0;12;0;0;22;26;5;17;0;0;20;0;0;0;0;0;22;0;0;0;0;22;37;0;0;0;6;0;0;9;0;0;12;0;0;0;0;0;6;0;0;13;0
"S32_H3F18";40815;2418;1354;38;2770;2439;26;7082;0;241;746;0;0;1547;24;328;39;134;145;0;840;124;0;1610;237;441;305;13;716;26;1351;303;0;99;524;10;152;0;979;366;134;66;62;201;352;154;203;58;6;64;0;70;41;9;16;15;253;0;0;21;4;15;37;68;0;0;5;95;0;103;73;24;48;0;229;33;0;32;0;300;114;39;27;128;12;112;17;18;25;11;18;42;22;8;58;54;0;57;0;0;67;20;0;0;0;0;152;0;28;47;58;53;67;76;44;5;0;33;0;0;0;20;0;16;19;19;8;0;0;0;0;0;18;20;0
"S33_H3A18";23818;986;4234;5117;1824;147;4;1255;135;108;995;18;0;1412;129;763;123;636;661;128;682;932;102;68;242;459;59;0;0;397;171;751;80;316;111;54;8;0;587;449;750;420;223;128;41;295;45;35;0;32;30;0;68;0;21;36;140;20;81;116;53;68;114;0;119;0;52;0;27;27;0;26;0;0;107;0;27;75;25;57;10;0;0;26;19;0;0;63;42;16;21;0;0;14;0;0;12;18;0;54;0;0;64;0;0;9;7;13;29;0;0;0;7;5;38;0;19;11;25;0;10;18;0;12;0;0;0;0;31;0;9;0;0;10;9
"S34_H4A17";19400;5773;1421;5;498;15;0;1957;140;124;713;0;0;808;162;67;574;702;0;30;960;97;0;24;749;401;177;0;0;94;504;235;0;453;11;0;0;18;203;75;259;128;40;0;36;147;8;6;22;8;0;9;29;25;108;30;24;0;33;23;26;55;0;16;0;0;184;76;0;15;0;18;0;0;40;0;0;0;23;172;76;0;13;0;58;24;0;44;125;13;30;0;0;11;0;0;13;34;0;0;0;0;0;0;0;0;0;0;25;0;0;0;0;15;45;11;0;0;0;8;6;0;0;12;0;6;0;0;0;0;0;0;11;5;0
"S35_H4F18";35680;1864;1191;20;2133;2314;7;6128;0;212;494;4;17;980;38;318;41;117;330;12;551;370;25;1393;190;330;261;33;546;35;1519;278;0;147;565;23;74;0;1127;344;96;76;85;280;614;161;88;84;7;68;0;19;21;9;10;0;277;0;0;6;5;0;105;114;0;0;8;157;0;83;62;24;67;26;239;27;0;21;0;225;117;18;10;164;32;48;31;0;0;0;12;39;24;8;95;24;0;46;0;0;55;0;0;0;0;0;99;0;35;82;31;11;26;30;24;0;0;12;5;10;0;20;0;25;18;8;0;0;0;0;0;5;25;0;5
"S36_H4A18";23548;269;3512;443;3999;108;0;2121;0;425;1012;0;0;1488;30;3960;437;1541;108;36;1346;2303;27;291;186;816;59;0;43;1371;298;1430;0;145;163;258;39;0;128;313;389;529;999;106;227;478;14;42;0;127;53;21;118;35;23;57;291;6;121;41;24;0;1;0;0;0;10;51;37;23;0;16;0;0;167;50;0;0;29;155;56;14;13;71;55;0;0;142;46;23;73;0;0;44;0;5;18;33;0;17;9;21;55;11;31;8;17;0;51;0;8;0;6;12;35;30;14;0;35;36;22;18;16;0;8;0;0;0;0;0;0;7;12;9;0
"S39_P1F18";15989;6630;2527;14;2987;147;21;3427;0;2330;490;7;0;5134;156;2178;71;1037;505;238;671;379;13;1047;69;741;107;30;1865;162;45;137;0;55;657;0;1506;0;159;120;275;89;157;0;235;55;199;239;26;352;0;11;0;32;0;12;123;0;0;0;0;238;0;91;0;0;0;0;744;111;40;15;48;24;30;31;0;0;0;58;31;13;0;25;0;0;26;10;0;0;25;0;0;0;8;0;32;12;0;0;70;0;0;0;0;0;13;0;13;0;28;0;0;0;26;0;7;0;9;12;0;10;5;15;13;0;0;0;0;0;0;4;0;0;0
"S40_P1A18";1470;9417;896;1247;173;2080;975;196;223;1387;210;7;0;3225;1196;344;206;41;19;115;263;251;3891;113;279;271;416;9;87;53;494;299;85;238;24;25;37;6549;619;127;182;48;27;85;32;78;25;29;0;35;399;12;576;94;73;50;23;128;311;14;497;31;151;0;8;144;154;0;182;56;0;11;0;52;450;68;6;30;59;69;21;62;31;15;39;0;0;29;8;170;41;18;0;7;0;177;0;0;188;13;0;39;0;28;25;68;0;0;14;0;0;10;7;10;15;0;22;10;9;0;3;0;0;0;9;0;10;0;0;20;10;8;10;0;6
"S41_P2F18";14264;3217;2465;119;2983;623;9;3334;67;2174;974;0;786;2145;0;1400;76;906;557;0;1160;353;0;1816;202;788;267;40;1555;151;83;530;0;206;1229;0;994;0;577;387;139;98;203;0;494;73;367;288;0;367;0;12;0;40;10;11;270;0;0;0;0;0;97;246;0;0;0;24;0;143;64;72;55;6;45;50;0;0;0;148;83;46;18;72;0;32;15;0;0;0;17;28;21;7;77;0;0;0;0;0;137;0;0;0;0;0;12;0;25;18;40;46;15;0;17;17;0;0;13;66;0;15;18;0;20;0;0;11;0;0;0;10;5;5;0
"S42_P3F18";11403;1928;2882;22;1836;937;0;2655;0;778;1253;0;12757;2099;0;654;41;672;1610;0;983;1553;0;1415;213;703;194;47;2707;100;67;690;0;138;855;0;778;0;247;819;103;87;142;0;245;46;159;175;0;223;0;0;0;33;0;0;263;8;0;0;0;0;59;220;0;4;0;26;0;145;59;130;68;9;19;21;0;0;0;135;79;30;0;51;0;24;33;0;0;0;23;29;69;6;82;0;0;16;0;0;118;0;0;0;0;0;11;0;24;7;25;102;19;0;7;5;0;10;16;81;0;14;8;28;8;13;0;0;6;0;0;0;12;1;0
"S43_P4F18";15562;3247;3984;16;3156;816;59;4071;44;1263;546;6;256;6070;0;1435;34;807;417;0;802;1709;0;524;210;742;197;63;2413;134;109;668;0;182;1346;0;2492;0;831;195;297;156;161;0;562;78;375;215;3;329;0;21;0;37;0;7;298;0;0;0;0;23;1;378;0;0;0;30;0;242;51;62;57;5;25;28;0;0;0;108;40;42;0;45;0;0;21;10;0;0;21;0;95;4;189;0;0;29;0;0;198;0;21;0;0;0;6;13;32;0;31;0;31;0;14;12;0;0;6;44;0;29;0;15;21;0;0;0;0;0;0;7;17;1;0
"S44_Q1A17";151;7349;93;19174;40;3754;125;34;2721;10;401;262;0;1159;18;0;21;18;162;312;171;262;4;25;106;24;0;17;52;0;81;38;79;319;0;50;5;195;495;0;16;17;0;0;0;0;117;10;24;0;53;0;392;25;73;0;0;74;7;24;414;27;89;0;210;0;17;0;54;0;0;0;0;0;24;0;0;0;33;7;20;21;8;9;0;17;0;0;0;0;0;0;0;20;0;0;0;0;0;148;0;27;0;18;0;7;0;39;9;0;0;0;0;0;0;18;0;0;0;0;8;0;0;0;3;0;0;10;4;8;0;0;0;0;16
"S45_Q1F18";112;32464;59;8158;11;10409;12;0;1045;0;108;487;81;15;0;27;2;0;0;11;128;5;0;0;16;0;6;9;0;0;0;0;15;534;0;36;0;0;0;0;0;0;2;6;0;0;0;81;0;0;0;0;8;59;33;0;0;0;0;58;0;0;0;0;307;82;0;0;0;0;45;0;77;0;0;0;847;0;0;0;2;7;0;0;0;0;33;0;0;0;0;0;34;0;0;0;0;0;0;0;0;16;0;0;0;0;0;0;8;0;3;0;0;0;0;0;0;6;0;0;0;0;0;0;0;0;0;0;11;0;0;0;0;0;0
"S46_Q2A17";1955;3119;378;1888;333;2714;235;315;0;12;351;134;0;1869;28;0;126;56;121;49;221;1563;6;129;1621;45;6;24;136;93;882;54;38;397;0;298;44;746;894;139;85;90;22;215;22;23;32;0;23;0;0;13;927;242;171;0;19;303;0;118;746;0;100;0;55;6;123;0;86;11;0;18;0;0;253;0;0;0;61;77;18;0;132;0;24;25;0;0;0;48;0;29;0;0;0;0;0;0;0;14;0;31;0;32;0;0;0;0;40;0;0;0;0;0;0;13;0;0;0;0;10;0;0;0;21;15;0;19;0;0;16;4;0;0;2
"S47_Q2F18";3731;50513;2645;350;125;144;47;121;865;282;321;227;308;795;0;210;48;24;65;0;246;146;0;58;83;39;55;0;0;21;170;69;45;163;0;597;0;0;63;12;0;20;17;304;39;0;0;618;0;0;0;63;39;179;552;0;0;0;31;0;3;0;0;26;35;44;0;64;0;25;451;0;648;0;0;0;417;7;0;0;0;0;0;0;23;3;315;16;0;0;0;0;316;0;0;14;0;0;88;0;27;29;0;0;0;0;15;25;102;14;0;0;3;18;0;0;0;0;0;0;0;0;0;0;0;0;0;0;63;0;0;0;0;4;0
"S48_Q3A17";1263;2779;277;853;121;1201;231;133;0;10;543;120;0;1949;0;0;206;81;456;9;233;974;31;136;3427;46;0;15;60;47;1430;13;101;210;0;126;39;436;954;29;62;133;0;390;19;14;48;8;0;0;0;14;566;206;210;0;0;276;0;212;359;46;84;0;23;0;173;0;111;0;0;0;0;0;311;0;0;0;54;96;0;0;9;0;42;34;0;0;12;60;0;31;0;0;0;0;0;0;0;10;0;0;0;51;0;0;17;0;89;0;0;0;9;4;5;24;19;0;0;0;8;0;0;0;7;18;0;0;0;13;26;0;15;0;2
"S49_Q3F18";4649;43251;1163;8316;208;1651;352;131;626;207;2590;369;421;741;28;469;56;127;40;24;693;97;80;105;309;75;36;107;36;57;148;184;46;161;29;214;39;0;172;26;35;36;23;183;52;0;0;360;6;14;0;80;159;154;326;21;0;14;44;0;0;0;0;57;0;25;9;0;22;20;406;18;294;8;12;0;119;10;0;0;6;0;0;0;0;0;200;0;0;0;23;0;108;3;0;6;0;0;36;0;0;51;0;0;17;0;0;0;50;0;0;0;7;5;0;9;0;0;6;0;0;0;0;0;13;0;5;0;0;0;10;0;0;0;0
"S50_Q3A18";9968;968;2576;640;2253;8100;0;2530;94;1256;772;0;267;2483;64;77;167;200;686;0;867;1522;1197;909;43;248;166;103;0;213;235;97;13;997;256;628;220;0;717;823;367;275;264;0;212;184;148;28;0;52;0;0;0;0;0;17;261;46;41;0;0;0;164;0;0;0;0;0;49;0;0;0;0;0;50;0;0;0;53;170;67;0;0;8;58;100;0;0;0;0;87;15;0;161;8;0;34;127;0;133;0;0;39;99;0;216;0;0;53;0;0;15;0;0;50;28;0;0;0;0;101;56;0;27;0;58;0;51;0;40;102;92;0;0;0
"S51_Q4A17";1293;3241;371;570;117;931;148;153;949;20;207;81;10;1170;2;0;148;102;90;0;148;471;1;34;4724;65;0;17;89;54;1552;67;1642;94;0;59;8;563;824;14;127;158;8;443;44;19;29;11;0;0;9;27;774;301;215;0;14;451;0;215;534;12;95;0;45;0;220;0;82;6;0;0;0;0;335;0;0;0;83;99;18;14;0;0;92;28;0;0;9;86;0;15;0;0;0;0;0;16;0;18;0;0;0;65;0;5;15;0;60;0;0;0;9;0;0;0;0;0;0;0;0;0;0;0;11;11;0;0;5;15;5;0;0;0;7
"S52_Q4F18";710;47503;1295;810;63;2107;76;42;1448;54;259;562;26;318;4;235;15;41;34;14;158;9;36;50;140;0;16;21;0;19;100;42;33;237;0;0;0;0;14;0;7;12;0;234;14;0;0;495;225;0;0;87;55;180;592;15;0;0;0;0;16;0;34;0;0;132;0;20;0;6;235;25;150;0;0;0;295;7;0;21;0;0;0;0;0;0;181;0;0;0;0;0;57;0;0;0;7;0;17;0;0;35;0;0;0;0;0;0;34;0;0;0;13;22;0;0;0;7;0;17;0;0;0;0;0;0;4;0;8;0;0;0;0;0;0
"S53_Q4A18";18693;633;2382;464;3680;2257;0;3344;0;919;438;0;352;2179;0;111;144;13;812;0;596;1396;295;1062;266;455;151;0;0;287;0;252;0;668;353;143;248;0;854;1526;291;56;50;0;261;153;90;80;0;64;0;0;3;0;0;84;260;0;6;0;0;0;288;0;0;0;0;0;190;0;0;0;0;0;88;69;0;0;0;48;5;39;47;71;79;17;0;11;54;0;28;46;0;37;0;0;0;0;0;63;0;0;48;104;0;0;0;0;0;0;0;0;79;0;62;0;0;0;3;7;100;0;15;8;0;13;0;0;0;0;0;0;0;0;0
"S54_L1A17";13447;18828;4400;261;2492;65;14;1735;591;427;344;0;0;415;2619;14;20;18;24;513;296;1323;12;1302;0;70;0;0;102;69;0;170;51;390;497;0;118;0;51;167;449;12;9;0;114;10;46;71;23;80;238;0;10;21;0;0;11;7;10;4;0;333;66;33;0;0;26;0;189;97;0;0;0;36;0;21;0;0;0;0;0;32;0;0;0;0;0;10;0;0;14;0;0;0;0;12;0;0;0;0;0;0;0;10;0;7;0;0;0;0;0;0;31;0;0;0;9;9;0;0;0;0;0;0;28;0;0;27;6;0;3;0;0;0;0
"S55_L1F18";1410;10779;279;8393;93;6071;7;94;0;848;207;11;34;528;115;46;0;20;0;4503;97;60;455;34;0;44;14;223;0;0;27;47;248;71;27;0;8;0;135;129;38;0;17;0;12;0;13;356;0;7;32;12;10;30;0;10;0;19;54;0;3;8;0;7;0;369;0;0;9;126;0;0;0;0;0;0;161;0;0;0;20;12;63;3;0;0;5;0;0;0;0;0;0;6;0;0;44;0;0;0;0;0;0;0;0;0;0;0;11;3;0;9;0;4;0;0;0;0;12;0;0;0;0;0;0;0;0;0;0;0;0;0;0;0;0
"S56_L1A18";11790;487;1850;185;2316;3702;0;728;0;1660;431;0;8696;578;9;455;0;0;210;0;540;3507;37;426;0;7;0;0;392;0;0;0;0;681;13;69;0;0;10;433;0;0;0;0;0;140;0;0;0;0;0;0;0;0;0;0;0;0;0;8;0;0;0;0;0;0;0;0;0;0;0;0;0;0;0;0;0;0;143;0;0;0;0;0;0;0;0;0;0;0;0;0;0;0;0;0;0;0;0;0;0;0;0;0;0;0;0;0;0;0;0;0;0;0;0;0;0;0;0;0;0;0;0;0;0;0;0;0;0;10;0;0;0;0;0
"S57_L2A17";10969;5281;3068;448;2025;628;0;1307;300;170;566;0;0;490;902;13;44;13;42;3608;575;1065;26;442;0;72;14;0;342;49;11;70;6460;750;336;30;90;0;93;342;753;15;0;0;41;0;0;22;11;41;956;0;5;0;0;0;19;0;10;5;0;146;109;23;4;0;0;0;78;83;0;0;0;23;0;0;0;0;0;0;0;33;13;0;0;0;0;0;0;0;47;0;0;9;6;13;0;0;476;0;0;0;0;27;0;0;0;0;0;0;0;0;22;0;0;0;9;0;9;0;11;0;0;0;22;0;0;22;0;0;8;3;0;0;0
"S58_L2F18";12259;11704;3003;2134;1168;2180;44;1075;113;4385;651;211;5138;1238;139;246;0;92;9;290;458;191;38;191;251;649;98;175;58;11;226;498;303;185;494;7;40;0;515;448;266;24;106;79;291;19;0;990;0;40;42;0;123;189;34;71;0;0;16;16;0;14;69;127;39;516;0;0;19;262;194;14;127;62;0;25;36;9;0;19;35;0;213;0;0;28;102;0;0;0;21;0;111;14;78;4;131;18;46;0;7;0;0;9;0;0;0;0;55;14;0;20;0;15;6;13;17;15;0;0;0;9;0;0;18;12;0;0;8;0;0;0;9;0;1
"S59_L2A18";16564;453;1578;1640;4364;3681;0;1727;114;774;1134;0;218;1063;49;76;10;0;675;0;502;3999;6;606;26;0;28;0;222;139;19;11;0;1399;41;536;429;0;161;618;0;0;0;0;0;0;0;0;0;0;0;0;265;5;0;0;0;0;0;120;35;0;111;0;0;0;0;0;9;0;0;0;0;0;44;0;0;0;0;38;0;0;0;0;70;33;0;0;8;36;11;0;0;0;132;0;0;0;0;0;0;8;0;9;0;0;0;0;0;0;0;0;0;0;0;0;0;0;30;0;0;0;0;0;0;0;0;0;0;0;8;0;0;0;0
"S60_L3A17";12894;4725;994;45;3176;1378;17;1799;86;78;362;0;0;1146;1416;0;23;0;480;1312;486;349;0;4182;0;143;7;6;149;42;10;149;135;1545;407;603;424;11;387;965;1210;0;6;0;46;0;43;47;30;25;680;5;34;0;0;0;14;20;0;0;0;0;72;32;0;0;4;0;119;77;0;11;0;0;4;0;0;0;0;0;9;34;134;0;0;0;0;0;0;0;43;0;0;14;51;0;0;0;24;0;0;0;0;45;0;18;4;92;0;0;0;0;13;0;0;11;0;0;10;0;0;0;0;0;13;18;0;19;0;0;0;4;0;0;0
"S61_L3F18";5580;14461;2791;6078;514;32;3;398;666;1029;203;35;0;316;174;97;15;55;0;245;166;12;21;24;58;134;38;43;12;0;44;396;34;0;390;0;10;0;18;62;48;51;44;0;122;21;9;718;13;44;52;9;122;125;0;29;19;55;10;0;33;0;50;25;0;113;0;0;10;188;33;0;23;213;14;0;20;0;22;4;10;0;41;10;0;6;19;0;0;0;8;0;18;6;15;0;47;0;0;0;3;0;0;0;0;0;0;0;26;10;22;0;10;16;0;9;0;4;10;0;0;0;0;8;0;0;0;0;0;0;0;0;0;2;6
"S62_L3A18";18467;164;1848;893;4596;4088;0;1453;74;2103;513;26;3770;1457;0;295;312;0;1715;0;389;2297;859;39;32;0;0;0;210;339;259;0;0;967;0;0;0;0;0;180;385;0;0;0;0;66;0;0;9;0;0;0;0;0;0;0;122;0;27;0;0;0;726;0;0;0;0;0;234;0;0;0;0;0;48;0;0;0;0;0;40;0;0;136;133;0;0;0;0;0;0;0;0;0;0;0;0;0;0;0;0;134;0;0;9;107;0;142;0;0;0;0;0;0;0;0;0;0;0;0;0;0;0;0;0;0;0;0;0;0;0;0;0;0;0
"S63_L4A17";14582;13091;1061;0;2891;381;0;1897;3932;139;195;0;0;179;5444;13;21;9;17;3010;327;19;7;319;0;122;6;0;96;25;0;153;122;1399;297;0;43;0;42;313;742;0;0;4;32;0;13;31;25;23;2134;0;20;0;0;0;12;0;6;0;0;17;0;41;0;0;0;0;28;49;0;11;0;0;0;42;0;0;0;32;13;38;42;14;0;0;0;12;0;0;24;0;0;6;7;0;0;0;49;2;0;0;0;38;0;9;0;0;0;0;0;0;0;0;8;0;20;10;9;0;0;0;0;0;9;0;0;0;0;0;0;0;0;0;0
"S64_L4F18";14111;9684;2706;159;1593;210;28;1740;0;1233;505;170;52;630;326;115;59;318;9;668;328;46;0;96;179;439;43;77;31;14;249;549;27;54;1229;8;17;0;116;167;172;56;159;0;436;67;24;613;4;119;63;0;166;75;21;22;29;28;33;0;27;0;67;157;0;50;0;19;15;168;71;0;27;1085;59;24;40;0;15;23;54;31;104;55;0;18;10;0;0;7;19;0;17;0;50;0;91;0;0;0;7;18;0;20;0;0;18;0;70;11;52;0;22;44;0;20;0;32;19;16;0;0;10;7;2;0;2;0;13;0;0;0;0;0;7
"S65_L4A18";20181;275;2375;775;4905;5290;0;1097;212;1550;998;35;22;504;103;44;76;14;723;0;658;8070;234;340;145;17;32;0;125;44;0;127;0;725;136;1034;46;0;91;115;113;0;0;21;28;12;21;6;18;0;0;0;78;0;0;12;19;18;0;0;24;0;105;0;0;0;0;0;73;49;0;0;0;0;0;0;0;0;0;59;0;0;0;26;25;28;0;0;5;21;33;15;0;39;11;0;0;25;0;0;0;24;5;42;0;28;0;0;0;0;0;0;0;0;9;0;22;0;0;0;4;0;0;0;0;0;0;0;0;10;0;0;0;0;0
